"","pvalue.mean","pvalue.sd","pvalue.cv"
"1",0.487533333333333,0.501426666666667,0.48406
