"","pvalue.mean","pvalue.sd","pvalue.cv"
"Gross Photosynthesis",0.51122,0.499696666666667,0.51162
"Respiration",0.510262222222222,0.499413333333333,0.510337777777778
